or_allele	new_allele	remove
IGKV2D-29*01	IGKVS1F1-G1*01	FALSE
IGKV2D-29*02	IGKVS1F1-G1*02	FALSE
IGKV2D-26*01	IGKVS1F1-G2*01	FALSE
IGKV2D-26*02	IGKVS1F1-G2*02	FALSE
IGKV2D-26*03	IGKVS1F1-G2*03	FALSE
IGKV2-24*01	IGKVS1F1-G3*01	FALSE
IGKV2-30*02	IGKVS1F1-G4*03	FALSE
IGKV2-30*01	IGKVS1F1-G4*02	FALSE
IGKV2D-30*01	IGKVS1F1-G4*01	FALSE
IGKV2D-28*01	IGKVS1F1-G5*01	TRUE
IGKV2-28*01	IGKVS1F1-G5*01	FALSE
IGKV2D-40*01	IGKVS1F1-G6*01	TRUE
IGKV2-40*01	IGKVS1F1-G6*01	FALSE
IGKV5-2*01	IGKVS1F2-G7*01	FALSE
IGKV4-1*01	IGKVS1F3-G8*01	FALSE
IGKV4-1*02	IGKVS1F3-G8*02	FALSE
IGKV1-5*01	IGKVS1F4-G9*01	FALSE
IGKV1-5*02	IGKVS1F4-G9*02	FALSE
IGKV1-5*05	IGKVS1F4-G9*05	FALSE
IGKV1-5*03	IGKVS1F4-G9*03	FALSE
IGKV1-5*04	IGKVS1F4-G9*04	FALSE
IGKV1D-33*01	IGKVS1F4-G10*01	TRUE
IGKV1-33*01	IGKVS1F4-G10*01	FALSE
IGKV1D-8*03	IGKVS1F4-G11*07	FALSE
IGKV1D-8*01	IGKVS1F4-G11*06	FALSE
IGKV1D-8*02	IGKVS1F4-G11*05	FALSE
IGKV1D-8*04	IGKVS1F4-G11*04	FALSE
IGKV1-8*03	IGKVS1F4-G11*03	FALSE
IGKV1-8*01	IGKVS1F4-G11*02	FALSE
IGKV1-8*02	IGKVS1F4-G11*01	FALSE
IGKV1D-43*01	IGKVS1F4-G12*01	FALSE
IGKV1D-17*01	IGKVS1F4-G13*02	FALSE
IGKV1-17*03	IGKVS1F4-G13*01	FALSE
IGKV1-12*02	IGKVS1F4-G14*02	TRUE
IGKV1D-12*02	IGKVS1F4-G14*02	TRUE
IGKV1-12*01	IGKVS1F4-G14*02	FALSE
IGKV1D-12*01	IGKVS1F4-G14*01	FALSE
IGKV1D-16*02	IGKVS1F4-G15*04	FALSE
IGKV1D-16*01	IGKVS1F4-G15*03	FALSE
IGKV1-16*02	IGKVS1F4-G15*02	FALSE
IGKV1-16*01	IGKVS1F4-G15*01	FALSE
IGKV1-27*01	IGKVS1F4-G16*01	FALSE
IGKV1D-39*01	IGKVS1F4-G17*01	TRUE
IGKV1-39*01	IGKVS1F4-G17*01	FALSE
IGKV1-6*02	IGKVS1F4-G18*04	FALSE
IGKV1-6*01	IGKVS1F4-G18*03	FALSE
IGKV1-17*02	IGKVS1F4-G18*02	FALSE
IGKV1-17*01	IGKVS1F4-G18*01	FALSE
IGKV1-9*01	IGKVS1F4-G19*01	FALSE
IGKV1D-13*01	IGKVS1F4-G20*01	FALSE
IGKV1D-13*02	IGKVS1F4-G20*02	FALSE
IGKV6D-21*01	IGKVS1F5-G21*03	TRUE
IGKV6-21*01	IGKVS1F5-G21*03	FALSE
IGKV6-21*02	IGKVS1F5-G21*02	FALSE
IGKV6D-21*02	IGKVS1F5-G21*01	FALSE
IGKV3D-15*01	IGKVS1F6-G22*03	FALSE
IGKV3-15*01	IGKVS1F6-G22*02	FALSE
IGKV3D-15*03	IGKVS1F6-G22*01	FALSE
IGKV3D-11*02	IGKVS1F6-G23*05	FALSE
IGKV3D-11*01	IGKVS1F6-G23*04	FALSE
IGKV3D-11*03	IGKVS1F6-G23*03	FALSE
IGKV3-11*02	IGKVS1F6-G23*02	FALSE
IGKV3-11*01	IGKVS1F6-G23*01	FALSE
IGKV3D-20*01	IGKVS1F6-G24*02	FALSE
IGKV3-20*01	IGKVS1F6-G24*01	FALSE
IGKV3D-7*01	IGKVS1F6-G25*02	FALSE
IGKV3-7*04	IGKVS1F6-G25*01	FALSE
IGLV5-52*01	IGLVS1F1-G1*01	FALSE
IGLV5-37*01	IGLVS1F1-G2*01	FALSE
IGLV5-39*01	IGLVS1F1-G3*01	FALSE
IGLV5-39*02	IGLVS1F1-G3*02	FALSE
IGLV5-45*04	IGLVS1F1-G4*04	FALSE
IGLV5-45*02	IGLVS1F1-G4*02	FALSE
IGLV5-45*01	IGLVS1F1-G4*01	FALSE
IGLV5-45*03	IGLVS1F1-G4*03	FALSE
IGLV9-49*03	IGLVS1F2-G5*03	FALSE
IGLV9-49*01	IGLVS1F2-G5*01	FALSE
IGLV9-49*02	IGLVS1F2-G5*02	FALSE
IGLV4-3*01	IGLVS1F3-G6*01	FALSE
IGLV4-69*01	IGLVS1F3-G7*01	FALSE
IGLV4-69*02	IGLVS1F3-G7*02	FALSE
IGLV4-60*03	IGLVS1F3-G8*03	FALSE
IGLV4-60*01	IGLVS1F3-G8*01	FALSE
IGLV4-60*02	IGLVS1F3-G8*02	FALSE
IGLV8-61*01	IGLVS1F4-G9*01	FALSE
IGLV8-61*02	IGLVS1F4-G9*02	FALSE
IGLV7-43*01	IGLVS1F5-G10*01	FALSE
IGLV7-46*04	IGLVS1F5-G11*04	FALSE
IGLV7-46*01	IGLVS1F5-G11*01	FALSE
IGLV7-46*02	IGLVS1F5-G11*02	FALSE
IGLV3-22*01	IGLVS1F6-G12*01	FALSE
IGLV3-22*03	IGLVS1F6-G12*03	FALSE
IGLV3-27*01	IGLVS1F6-G13*01	FALSE
IGLV3-10*02	IGLVS1F6-G14*02	FALSE
IGLV3-10*01	IGLVS1F6-G14*01	FALSE
IGLV3-10*03	IGLVS1F6-G14*03	FALSE
IGLV3-25*03	IGLVS1F6-G15*04	FALSE
IGLV3-25*02	IGLVS1F6-G15*03	FALSE
IGLV3-25*01	IGLVS1F6-G15*02	FALSE
IGLV3-16*01	IGLVS1F6-G15*01	FALSE
IGLV3-19*01	IGLVS1F7-G16*01	FALSE
IGLV3-19*02	IGLVS1F7-G16*02	FALSE
IGLV3-1*01	IGLVS1F8-G17*01	FALSE
IGLV3-9*01	IGLVS1F8-G18*01	FALSE
IGLV3-9*02	IGLVS1F8-G18*02	FALSE
IGLV3-12*02	IGLVS1F8-G19*02	FALSE
IGLV3-21*01	IGLVS1F8-G20*01	FALSE
IGLV3-21*04	IGLVS1F8-G20*04	FALSE
IGLV3-21*02	IGLVS1F8-G20*02	FALSE
IGLV3-21*03	IGLVS1F8-G20*03	FALSE
IGLV10-54*02	IGLVS1F9-G21*02	FALSE
IGLV10-54*01	IGLVS1F9-G21*01	FALSE
IGLV10-54*04	IGLVS1F9-G21*04	FALSE
IGLV6-57*04	IGLVS1F10-G22*04	FALSE
IGLV6-57*02	IGLVS1F10-G22*02	FALSE
IGLV6-57*01	IGLVS1F10-G22*01	FALSE
IGLV6-57*03	IGLVS1F10-G22*03	FALSE
IGLV2-14*05	IGLVS1F11-G23*05	FALSE
IGLV2-14*01	IGLVS1F11-G23*01	FALSE
IGLV2-14*03	IGLVS1F11-G23*03	FALSE
IGLV2-23*03	IGLVS1F11-G24*03	TRUE
IGLV2-23*01	IGLVS1F11-G24*03	FALSE
IGLV2-23*02	IGLVS1F11-G24*02	FALSE
IGLV2-14*02	IGLVS1F11-G24*01	FALSE
IGLV2-18*04	IGLVS1F11-G25*04	FALSE
IGLV2-18*03	IGLVS1F11-G25*03	FALSE
IGLV2-18*01	IGLVS1F11-G25*01	FALSE
IGLV2-18*02	IGLVS1F11-G25*02	FALSE
IGLV2-8*02	IGLVS1F11-G26*04	FALSE
IGLV2-8*01	IGLVS1F11-G26*03	FALSE
IGLV2-11*02	IGLVS1F11-G26*02	FALSE
IGLV2-11*01	IGLVS1F11-G26*01	FALSE
IGLV1-40*01	IGLVS1F12-G27*01	FALSE
IGLV1-40*02	IGLVS1F12-G27*02	FALSE
IGLV1-40*03	IGLVS1F12-G27*03	FALSE
IGLV1-51*01	IGLVS1F12-G28*01	FALSE
IGLV1-51*02	IGLVS1F12-G28*02	FALSE
IGLV1-36*01	IGLVS1F12-G29*01	FALSE
IGLV1-47*02	IGLVS1F12-G30*06	FALSE
IGLV1-47*01	IGLVS1F12-G30*05	FALSE
IGLV1-47*03	IGLVS1F12-G30*04	FALSE
IGLV1-44*02	IGLVS1F12-G30*03	FALSE
IGLV1-44*01	IGLVS1F12-G30*02	FALSE
IGLV1-44*03	IGLVS1F12-G30*01	FALSE
TRBV29-1*02	TRBVS1F1-G1*02	FALSE
TRBV29-1*01	TRBVS1F1-G1*01	FALSE
TRBV29-1*01_A280C	TRBVS1F1-G1*01_A280C	FALSE
TRBV20-1*03	TRBVS1F2-G2*03	FALSE
TRBV20-1*01	TRBVS1F2-G2*01	FALSE
TRBV20-1*01_C142A	TRBVS1F2-G2*01_C142A	FALSE
TRBV20-1*02	TRBVS1F2-G2*02	FALSE
TRBV20-1*05	TRBVS1F2-G2*05	FALSE
TRBV20-1*07	TRBVS1F2-G2*07	FALSE
TRBV20-1*04	TRBVS1F2-G2*04	FALSE
TRBV20-1*06	TRBVS1F2-G2*06	FALSE
TRBV30*05	TRBVS1F3-G3*05	FALSE
TRBV30*02	TRBVS1F3-G3*02	FALSE
TRBV30*01	TRBVS1F3-G3*01	FALSE
TRBV30*01_A113C	TRBVS1F3-G3*01_A113C	FALSE
TRBV19*01	TRBVS1F4-G4*01	FALSE
TRBV19*01_A24G	TRBVS1F4-G4*01_A24G	FALSE
TRBV19*02	TRBVS1F4-G4*02	FALSE
TRBV19*03	TRBVS1F4-G4*03	FALSE
TRBV10-3*02_C225G	TRBVS1F5-G5*02_C225G	FALSE
TRBV10-3*01	TRBVS1F5-G5*01	FALSE
TRBV10-3*02	TRBVS1F5-G5*02	FALSE
TRBV10-1*02_G274T	TRBVS1F5-G6*02_G274T	FALSE
TRBV10-1*01	TRBVS1F5-G6*01	FALSE
TRBV10-1*02	TRBVS1F5-G6*02	FALSE
TRBV10-2*02	TRBVS1F5-G7*02	FALSE
TRBV10-2*01	TRBVS1F5-G7*01	FALSE
TRBV10-2*01_C214T	TRBVS1F5-G7*01_C214T	FALSE
TRBV6-4*01	TRBVS1F6-G8*01	FALSE
TRBV6-4*02	TRBVS1F6-G8*02	FALSE
TRBV6-1*01	TRBVS1F6-G9*01	FALSE
TRBV6-2*01_G47A	TRBVS1F6-G10*01_G47A	FALSE
TRBV6-3*01	TRBVS1F6-G10*01	TRUE
TRBV6-2*01	TRBVS1F6-G10*01	FALSE
TRBV6-6*04	TRBVS1F6-G11*04	FALSE
TRBV6-6*01_G264A	TRBVS1F6-G11*01_G264A	FALSE
TRBV6-6*01	TRBVS1F6-G11*01	FALSE
TRBV6-6*01_C261T	TRBVS1F6-G11*01_C261T	FALSE
TRBV6-6*05	TRBVS1F6-G11*05	FALSE
TRBV6-6*02	TRBVS1F6-G11*02	FALSE
TRBV6-6*03	TRBVS1F6-G11*03	FALSE
TRBV6-8*01	TRBVS1F6-G12*01	FALSE
TRBV6-5*01	TRBVS1F6-G13*01	FALSE
TRBV6-9*01	TRBVS1F6-G14*01	FALSE
TRBV6-9*01_A303G	TRBVS1F6-G14*01_A303G	FALSE
TRBV25-1*01	TRBVS1F7-G15*01	FALSE
TRBV24-1*01	TRBVS1F8-G16*01	FALSE
TRBV24-1*02	TRBVS1F8-G16*02	FALSE
TRBV27*01	TRBVS1F9-G17*01	FALSE
TRBV28*01	TRBVS1F10-G18*01	FALSE
TRBV18*01	TRBVS1F11-G19*01	FALSE
TRBV16*01	TRBVS1F12-G20*01	FALSE
TRBV16*03	TRBVS1F12-G20*03	FALSE
TRBV2*03	TRBVS1F13-G21*03	FALSE
TRBV2*01	TRBVS1F13-G21*01	FALSE
TRBV2*02	TRBVS1F13-G21*02	FALSE
TRBV11-3*02	TRBVS1F14-G22*02	FALSE
TRBV11-3*01	TRBVS1F14-G22*01	FALSE
TRBV11-3*04	TRBVS1F14-G22*04	FALSE
TRBV11-1*01	TRBVS1F14-G23*01	FALSE
TRBV11-2*03	TRBVS1F14-G24*03	FALSE
TRBV11-2*01	TRBVS1F14-G24*01	FALSE
TRBV11-2*02	TRBVS1F14-G24*02	FALSE
TRBV7-3*04	TRBVS1F15-G25*04	FALSE
TRBV7-3*01	TRBVS1F15-G25*01	FALSE
TRBV7-3*01_G301A	TRBVS1F15-G25*01_G301A	FALSE
TRBV7-2*01	TRBVS1F15-G26*01	FALSE
TRBV7-2*04	TRBVS1F15-G26*04	FALSE
TRBV7-2*02	TRBVS1F15-G26*02	FALSE
TRBV7-2*03	TRBVS1F15-G26*03	FALSE
TRBV7-9*04	TRBVS1F15-G27*04	FALSE
TRBV7-9*05	TRBVS1F15-G27*05	FALSE
TRBV7-9*06	TRBVS1F15-G27*06	FALSE
TRBV7-9*03	TRBVS1F15-G27*03	FALSE
TRBV7-9*01	TRBVS1F15-G27*01	FALSE
TRBV7-9*02	TRBVS1F15-G27*02	FALSE
TRBV7-7*01_C315T	TRBVS1F15-G28*04_C315T	FALSE
TRBV7-6*01_G297A	TRBVS1F15-G28*02_G297A	FALSE
TRBV7-7*01	TRBVS1F15-G28*04	FALSE
TRBV7-7*02	TRBVS1F15-G28*03	FALSE
TRBV7-6*01	TRBVS1F15-G28*02	FALSE
TRBV7-6*02	TRBVS1F15-G28*01	FALSE
TRBV7-4*01	TRBVS1F15-G29*01	FALSE
TRBV7-8*03	TRBVS1F15-G30*03	FALSE
TRBV7-8*01	TRBVS1F15-G30*01	FALSE
TRBV7-8*02	TRBVS1F15-G30*02	FALSE
TRBV14*01	TRBVS1F16-G31*01	FALSE
TRBV14*02	TRBVS1F16-G31*02	FALSE
TRBV12-5*01_C28G_T140A	TRBVS1F17-G32*01_C28G_T140A	FALSE
TRBV12-5*01	TRBVS1F17-G32*01	FALSE
TRBV12-5*01_C28G	TRBVS1F17-G32*01_C28G	FALSE
TRBV12-4*01_C87T	TRBVS1F17-G33*03_C87T	FALSE
TRBV12-4*01	TRBVS1F17-G33*03	FALSE
TRBV12-4*02	TRBVS1F17-G33*02	FALSE
TRBV12-3*01	TRBVS1F17-G33*01	FALSE
TRBV3-1*01	TRBVS1F18-G34*01	FALSE
TRBV3-1*02	TRBVS1F18-G34*02	FALSE
TRBV4-1*01	TRBVS1F19-G35*01	FALSE
TRBV4-1*01_C14T	TRBVS1F19-G35*01_C14T	FALSE
TRBV4-3*01_C274T	TRBVS1F19-G36*05_C274T	FALSE
TRBV4-3*01	TRBVS1F19-G36*05	FALSE
TRBV4-3*02	TRBVS1F19-G36*04	FALSE
TRBV4-3*03	TRBVS1F19-G36*03	FALSE
TRBV4-2*02	TRBVS1F19-G36*02	FALSE
TRBV4-2*01	TRBVS1F19-G36*01	FALSE
TRBV15*03	TRBVS1F20-G37*03	FALSE
TRBV15*02_G275A	TRBVS1F20-G37*02_G275A	FALSE
TRBV15*01	TRBVS1F20-G37*01	FALSE
TRBV15*02	TRBVS1F20-G37*02	FALSE
TRBV5-1*01	TRBVS1F21-G38*01	FALSE
TRBV5-1*02	TRBVS1F21-G38*02	FALSE
TRBV5-8*01	TRBVS1F21-G39*01	FALSE
TRBV5-8*01_C56T_C276T	TRBVS1F21-G39*01_C56T_C276T	FALSE
TRBV5-4*01	TRBVS1F21-G40*01	FALSE
TRBV5-4*02	TRBVS1F21-G40*02	FALSE
TRBV5-6*01	TRBVS1F21-G41*01	FALSE
TRBV5-6*01_T284G	TRBVS1F21-G41*01_T284G	FALSE
TRBV5-5*03	TRBVS1F21-G42*03	FALSE
TRBV5-5*01	TRBVS1F21-G42*01	FALSE
TRBV5-5*02	TRBVS1F21-G42*02	FALSE
TRBV9*03	TRBVS1F22-G43*03	FALSE
TRBV9*01	TRBVS1F22-G43*01	FALSE
TRBV9*02	TRBVS1F22-G43*02	FALSE
TRBV13*02	TRBVS1F23-G44*02	FALSE
TRBV13*01_T158C	TRBVS1F23-G44*01_T158C	FALSE
TRBV13*01	TRBVS1F23-G44*01	FALSE
TRBV13*01_A170T	TRBVS1F23-G44*01_A170T	FALSE
TRAV12-1*01	TRAVS1F1-G1*01	FALSE
TRAV12-1*02	TRAVS1F1-G1*02	FALSE
TRAV12-2*01	TRAVS1F1-G2*01	FALSE
TRAV12-2*02	TRAVS1F1-G2*02	FALSE
TRAV12-3*01	TRAVS1F1-G3*01	FALSE
TRAV12-3*02	TRAVS1F1-G3*02	FALSE
TRAV5*01	TRAVS1F2-G4*01	FALSE
TRAV13-1*01	TRAVS1F3-G5*01	FALSE
TRAV13-1*02	TRAVS1F3-G5*02	FALSE
TRAV13-2*01	TRAVS1F3-G6*01	FALSE
TRAV13-2*02	TRAVS1F3-G6*02	FALSE
TRAV34*01	TRAVS1F4-G7*01	FALSE
TRAV30*02	TRAVS1F5-G8*02	FALSE
TRAV30*05	TRAVS1F5-G8*05	FALSE
TRAV30*01	TRAVS1F5-G8*01	FALSE
TRAV30*03	TRAVS1F5-G8*03	FALSE
TRAV35*01	TRAVS1F6-G9*01	FALSE
TRAV35*02	TRAVS1F6-G9*02	FALSE
TRAV25*01	TRAVS1F7-G10*01	FALSE
TRAV27*02	TRAVS1F8-G11*02	FALSE
TRAV27*01	TRAVS1F8-G11*01	FALSE
TRAV27*03	TRAVS1F8-G11*03	FALSE
TRAV22*01	TRAVS1F9-G12*01	FALSE
TRAV41*01	TRAVS1F10-G13*01	FALSE
TRAV10*01	TRAVS1F11-G14*01	FALSE
TRAV10*02	TRAVS1F11-G14*02	FALSE
TRAV17*01	TRAVS1F12-G15*01	FALSE
TRAV6*07	TRAVS1F13-G16*07	FALSE
TRAV6*01	TRAVS1F13-G16*01	FALSE
TRAV6*02	TRAVS1F13-G16*02	FALSE
TRAV7*01	TRAVS1F14-G17*01	FALSE
TRAV20*04	TRAVS1F15-G18*04	FALSE
TRAV20*01	TRAVS1F15-G18*01	FALSE
TRAV20*02	TRAVS1F15-G18*02	FALSE
TRAV21*01	TRAVS1F16-G19*01	FALSE
TRAV21*02	TRAVS1F16-G19*02	FALSE
TRAV39*01	TRAVS1F17-G20*01	FALSE
TRAV24*01	TRAVS1F18-G21*01	FALSE
TRAV24*02	TRAVS1F18-G21*02	FALSE
TRAV1-1*01	TRAVS1F19-G22*01	FALSE
TRAV1-1*02	TRAVS1F19-G22*02	FALSE
TRAV1-2*01	TRAVS1F19-G23*01	FALSE
TRAV1-2*03	TRAVS1F19-G23*03	FALSE
TRAV19*01	TRAVS1F20-G24*01	FALSE
TRAV38-1*04	TRAVS1F21-G25*04	FALSE
TRAV38-1*03	TRAVS1F21-G25*03	FALSE
TRAV38-1*01	TRAVS1F21-G25*01	FALSE
TRAV38-1*02	TRAVS1F21-G25*02	FALSE
TRAV16*01	TRAVS1F22-G26*01	FALSE
TRAV3*01	TRAVS1F23-G27*01	FALSE
TRAV8-6*01	TRAVS1F24-G28*01	FALSE
TRAV8-6*02	TRAVS1F24-G28*02	FALSE
TRAV8-2*02	TRAVS1F24-G29*02	FALSE
TRAV8-2*01	TRAVS1F24-G29*01	FALSE
TRAV8-2*03	TRAVS1F24-G29*03	FALSE
TRAV8-4*03	TRAVS1F24-G30*03	FALSE
TRAV8-4*05	TRAVS1F24-G30*05	FALSE
TRAV8-4*04	TRAVS1F24-G30*04	FALSE
TRAV8-4*01	TRAVS1F24-G30*01	FALSE
TRAV8-4*02	TRAVS1F24-G30*02	FALSE
TRAV8-1*01	TRAVS1F25-G31*01	FALSE
TRAV8-3*03	TRAVS1F25-G32*03	FALSE
TRAV8-3*01	TRAVS1F25-G32*01	FALSE
TRAV8-3*02	TRAVS1F25-G32*02	FALSE
TRAV40*01	TRAVS1F26-G33*01	FALSE
TRAV18*01	TRAVS1F27-G34*01	FALSE
TRAV9-1*01	TRAVS1F28-G35*01	FALSE
TRAV9-2*01	TRAVS1F28-G36*01	FALSE
TRAV9-2*02	TRAVS1F28-G36*02	FALSE
TRAV9-2*03	TRAVS1F28-G36*03	FALSE
TRAV9-2*04	TRAVS1F28-G36*04	FALSE
TRAV2*01	TRAVS1F29-G37*01	FALSE
TRAV2*02	TRAVS1F29-G37*02	FALSE
TRAV4*01	TRAVS1F30-G38*01	FALSE
TRAV26-2*01	TRAVS1F31-G39*01	FALSE
TRAV26-1*03	TRAVS1F31-G40*03	FALSE
TRAV26-1*01	TRAVS1F31-G40*01	FALSE
TRAV26-1*02	TRAVS1F31-G40*02	FALSE
